file_path,line_num,file_size
/data/zql/legodnn-public-version/source-code-stats.py,83,2483
/data/zql/legodnn-public-version/example/image_classification/dataloader.py,26,1008
/data/zql/legodnn-public-version/example/image_classification/main.py,72,3112
/data/zql/legodnn-public-version/example/image_classification/resnet_cifar.py,106,4053
/data/zql/legodnn-public-version/example/anomaly_detection/ganomaly_model_manager.py,43,1635
/data/zql/legodnn-public-version/example/anomaly_detection/dataloader.py,741,30966
/data/zql/legodnn-public-version/example/anomaly_detection/ganomaly/train.py,43,879
/data/zql/legodnn-public-version/example/anomaly_detection/ganomaly/options.py,121,6432
/data/zql/legodnn-public-version/example/anomaly_detection/ganomaly/lib/networks.py,193,6867
/data/zql/legodnn-public-version/example/anomaly_detection/ganomaly/lib/pruning.py,17,607
/data/zql/legodnn-public-version/example/anomaly_detection/ganomaly/lib/loss.py,39,795
/data/zql/legodnn-public-version/example/anomaly_detection/ganomaly/lib/visualizer.py,183,6377
/data/zql/legodnn-public-version/example/anomaly_detection/ganomaly/lib/model.py,455,18080
/data/zql/legodnn-public-version/example/anomaly_detection/ganomaly/lib/__init__.py,0,0
/data/zql/legodnn-public-version/example/anomaly_detection/ganomaly/lib/data.py,1124,46300
/data/zql/legodnn-public-version/example/anomaly_detection/ganomaly/lib/evaluate.py,115,3287
/data/zql/legodnn-public-version/example/anomaly_detection/main.py,72,2994
/data/zql/legodnn-public-version/example/anomaly_detection/ganomaly_block_manager.py,146,5433
/data/zql/legodnn-public-version/legodnn/abstract_block_manager.py,171,6306
/data/zql/legodnn-public-version/legodnn/block_profiler/server_block_profiler.py,267,11920
/data/zql/legodnn-public-version/legodnn/block_profiler/__init__.py,2,106
/data/zql/legodnn-public-version/legodnn/block_profiler/edge_block_profiler.py,128,6084
/data/zql/legodnn-public-version/legodnn/presets/common_block_manager.py,84,3494
/data/zql/legodnn-public-version/legodnn/presets/common_model_manager.py,74,2799
/data/zql/legodnn-public-version/legodnn/block_extractor.py,50,2246
/data/zql/legodnn-public-version/legodnn/block_trainer.py,485,22128
/data/zql/legodnn-public-version/legodnn/pure_runtime.py,57,2728
/data/zql/legodnn-public-version/legodnn/optimal_runtime.py,347,16301
/data/zql/legodnn-public-version/legodnn/abstract_model_manager.py,73,2682
/data/zql/legodnn-public-version/legodnn/__init__.py,10,470
/data/zql/legodnn-public-version/legodnn/utils/dl/common/data_loader.py,100,4121
/data/zql/legodnn-public-version/legodnn/utils/dl/common/pruning.py,80,3284
/data/zql/legodnn-public-version/legodnn/utils/dl/common/model.py,516,17274
/data/zql/legodnn-public-version/legodnn/utils/dl/common/env.py,17,440
/data/zql/legodnn-public-version/legodnn/utils/dl/common/__init__.py,0,0
/data/zql/legodnn-public-version/legodnn/utils/dl/__init__.py,0,0
/data/zql/legodnn-public-version/legodnn/utils/common/file.py,14,331
/data/zql/legodnn-public-version/legodnn/utils/common/data_record.py,109,3830
/data/zql/legodnn-public-version/legodnn/utils/common/log.py,40,1274
/data/zql/legodnn-public-version/legodnn/utils/common/others.py,10,273
/data/zql/legodnn-public-version/legodnn/utils/common/stats.py,15,322
/data/zql/legodnn-public-version/legodnn/utils/common/data.py,6,143
/data/zql/legodnn-public-version/legodnn/utils/__init__.py,0,0
